1958-1961,1961-1964,1964-1967,1967-1970,1970-1973,1973-1976,1976-1979,1979-1982,1982-1985
bureaucratic,bureaucratic,bureaucratic,bureaucratic,bureaucratic,bureaucratic,bureaucratic,bureaucratic,bureaucratic
disrepute,dictatorship,paradox,patronage,bureaucrat,bureaucrat,quango,paperwork,inefficiency
patriotism,dictator,smokescreen,centralisation,paraphernalia,inefficiency,bureaucrat,bureaucrat,paperwork
corruption,farce,straitjacket,inefficiency,centralisation,monster,paperwork,quango,layer
conspiracy,proliferation,empire,Whitehall,patronage,layer,duplication,duplication,quango
stupidity,monolithic,fiction,monster,straitjacket,nightmare,apparatus,layer,bureaucrat
patronage,irresponsibility,Whitehall,inefficient,rigidity,extravagance,inefficiency,administration,centralisation
organ,centralisation,tangle,muddle,monster,centralised,layer,centralisation,duplication
dictatorship,lobby,dictator,whitehall,duplication,centralisation,centralisation,administrative,patronage
instinct,centralised,tyranny,bureaucrat,tyranny,duplication,patronage,efficiency,overmanning
cynicism,hypocrisy,manipulation,rigidity,impersonal,impersonal,administration,inefficiency,centralised
politician,circle,shackle,centralised,mythology,patronage,extravagance,accountability,extravagance
hypocrisy,myth,farce,farce,censorship,paraphernalia,tier,patronage,accountability
socialism,bribery,racket,paraphernalia,Whitehall,monolithic,monster,centralised,monster
image,politician,inefficiency,decentralisation,fragmentation,complication,spender,spender,administration
