power,cost,irrationality,centralisation,size,freedom,inefficiency,accountability
heavy,expensive,absurd,centralised bureaucracy,enlargement,human right,efficiency,parliament
heavily,investment,absurdity,centralisation,immense,curtail,unefficiently,questioning
monster,purse,absurdly,nationalised industries,heavy,chain,capability,ombudsman
control,cost,bureaucracy gone mad,central,growth,individual,unnecessary,accountable
authoritarian,budget,crazily,centralise,substantial,free,management,hold accountable
power,money,crazy,centrally,grow,liberty,red tape,unaccountable
supervision,expense,insane,ownership,expansion,human rights,waste,parliamentary
authority,costly,insanely,managerialism,massively,shackle,craft,democracy
creature,spend ,irrational ,central bureaucracy,size,dictatorship,unefficient,democratic
straitjacket,paying,irresponsible,nationalisation,great,interference,productivity,voter
puppet,cut,irresponsibly,managerial,smaller,chained,skill,democratically
powerfully,budget,mad,devolution,massive,individual liberties,incompetence,electorate
strain,calculation,madly,nationalise,small,freedom,modernisation,referendum
dominance,paid,reckless,nationalised,big government,choice,economical,audit
dominantly,allocation,recklessly,public ownership,huge,shackles,efficiently,accountability
arrogant,taxpayer,ridiculous,centralise,expansive,control,competent,patronage
mandarin,expenditure,senseless,,increase,weight,effective,legislature
rule,ceiling,senselessly,,mammoth,burden,inefficiently,voters
burden,austerity,silly,,big,liberties,capable,scrutiny
powerful,pay,silly,,colossal,right,productive,parliamentary scrutiny
pressure,public expenditure,stupid,,growth of bureaucracy,tyranny,effectivity,participation
,expensively,tribunal,,immensely,private,ability,scrutinise
,spending,tribunals,,increase of bureaucracy,iron,uneffective,
,taxation,unreasonable,,enormous,chains,incompetent,
,extravagance,unreasonably,,monolithic,controls,clumsy,
,costs,wild,,large,interferences,efficient,
,calculate,wildly,,vast,,modernise,
,cuts,,,overlapping,,muddle,
,extravagant,,,monolith,,charade,
,extravagantly,,,duplicate,,bogge,
,finance,,,larger,,skilled,
,financing,,,greater,,experts,
,fund,,,heavier,,expert,
,funding,,,heavily,,expertise,
,funds,,,duplication,,bumbledom,
,overspending,,,fragmentation,,cumbersome,
,profligacy,,,overlap,,inept,
,treasury,,,overmanning,,ineptitude,
,,,,enormously,,blunt,
,,,,layer,,burdensome,
,,,,staff,,complicated,
,,,,overhead,,mess,
,,,,tier,,messy,
,,,,,,paperwork,
,,,,,,sloppiness,
,,,,,,sloppy,
,,,,,,unproductive,
,,,,,,wasteful,
,,,,,,skills,
